{
  "project_info": {
    "project_number": "729220446831",
    "firebase_url": "https://ea-poc-webrtc.firebaseio.com",
    "project_id": "ea-poc-webrtc",
    "storage_bucket": "ea-poc-webrtc.appspot.com"
  },
  "client": [
    {
      "client_info": {
        "mobilesdk_app_id": "1:729220446831:android:968bf5fd55bc57f2642b9a",
        "android_client_info": {
          "package_name": "com.gailo22.webrtcapp"
        }
      },
      "oauth_client": [
        {
          "client_id": "729220446831-p1as4imd0p0p4tkiug1ahvrdvsc8t2hv.apps.googleusercontent.com",
          "client_type": 1,
          "android_info": {
            "package_name": "com.gailo22.webrtcapp",
            "certificate_hash": "69d919d20f2d1fcd9c784de2f04d5f1e2a6be09a"
          }
        },
        {
          "client_id": "729220446831-t63heu5pkjok9lnt5grcfockcd497r0v.apps.googleusercontent.com",
          "client_type": 3
        }
      ],
      "api_key": [
        {
          "current_key": "AIzaSyC3Y0ZCq7col_uhuwFQN1-0hyLWL2ZYuI0"
        }
      ],
      "services": {
        "appinvite_service": {
          "other_platform_oauth_client": [
            {
              "client_id": "729220446831-t63heu5pkjok9lnt5grcfockcd497r0v.apps.googleusercontent.com",
              "client_type": 3
            }
          ]
        }
      }
    }
  ],
  "configuration_version": "1"
}